Customer_ID,Age_Group,Occupation,Monthly_Income,Monthly_Expenses,Savings,Credit_Card_Spending,Loan_Amount
CUST_031,36-45,Self-employed,89100.0,53700.0,38900.0,13700.0,73000.0
CUST_182,18-25,Self-employed,32800.0,29100.0,2900.0,8800.0,94000.0
CUST_224,26-35,Self-employed,87900.0,70100.0,18300.0,15800.0,228000.0
CUST_186,36-45,Self-employed,91900.0,79400.0,13800.0,9900.0,193000.0
CUST_212,36-45,Salaried,33500.0,26900.0,8900.0,12300.0,83000.0
CUST_197,36-45,Self-employed,68900.0,30500.0,68288.65576196456,4500.0,424000.0
CUST_174,26-35,Salaried,45700.0,20500.0,43129.73950783207,4600.0,403000.0
CUST_143,26-35,Salaried,60700.0,39100.0,22100.0,7900.0,122000.0
CUST_010,36-45,Salaried,44700.0,28000.0,16700.0,7500.0,265000.0
CUST_178,26-35,Self-employed,47800.0,25100.0,24100.0,8500.0,403000.0
CUST_025,26-35,Salaried,70700.0,36300.0,28200.0,13900.0,589000.0
CUST_214,26-35,Salaried,63300.0,35100.0,27600.0,6200.0,264000.0
CUST_078,18-25,Salaried,59700.0,,18600.0,7100.0,386000.0
CUST_205,36-45,Salaried,56600.0,34400.0,22600.0,4900.0,160000.0
CUST_191,18-25,Salaried,60200.0,47100.0,10800.0,4200.0,67000.0
CUST_207,18-25,Salaried,65500.0,31400.0,35200.0,9200.0,110000.0
CUST_243,56-65,,56200.0,90124.14280975789,-7254.0,8900.0,40000.0
CUST_007,18-25,Self-employed,26000.0,18800.0,6800.0,8500.0,168000.0
CUST_221,36-45,Salaried,38000.0,20600.0,16000.0,5400.0,630000.0
CUST_105,56-65,Salaried,54800.0,18600.0,35300.0,-3000.0,164000.0
CUST_115,36-45,Self-employed,75400.0,126936.03167772367,-2626.0,13300.0,16000.0
CUST_120,36-45,Salaried,44300.0,-2500.0,-6200.0,9700.0,620000.0
CUST_020,26-35,Salaried,68700.0,43400.0,27800.0,7600.0,138000.0
CUST_202,18-25,Salaried,36300.0,17500.0,18000.0,3700.0,198000.0
CUST_180,18-25,Salaried,46000.0,13700.0,29000.0,3000.0,81000.0
CUST_047,26-35,Self-employed,49100.0,21300.0,30100.0,7200.0,80000.0
CUST_076,36-45,Self-employed,55800.0,38400.0,15700.0,4900.0,162000.0
CUST_046,36-45,Salaried,18000.0,14500.0,7000.0,4800.0,176000.0
CUST_155,56-65,Salaried,73400.0,56400.0,18000.0,13900.0,33000.0
CUST_016,18-25,Self-employed,41800.0,32100.0,4300.0,9700.0,241000.0
CUST_237,26-35,Salaried,96400.0,40700.0,52300.0,13900.0,136000.0
CUST_229,46-55,Self-employed,,57300.0,54500.0,13300.0,582000.0
CUST_145,26-35,Salaried,69000.0,43800.0,25500.0,11600.0,51000.0
CUST_034,56-65,Salaried,56500.0,45600.0,13000.0,13700.0,294000.0
CUST_197,36-45,Self-employed,68900.0,30500.0,68288.65576196456,4500.0,424000.0
CUST_102,36-45,Self-employed,31200.0,27300.0,27406.044178357006,2000.0,69000.0
CUST_213,36-45,Self-employed,45200.0,26600.0,15200.0,6700.0,431000.0
CUST_011,18-25,Salaried,18000.0,5000.0,10300.0,600.0,152000.0
CUST_114,46-55,Salaried,24600.0,4379.3231153976585,21224.35317159258,3600.0,443000.0
CUST_097,36-45,Salaried,19700.0,10100.0,9400.0,4300.0,177000.0
CUST_093,46-55,Salaried,122700.0,59900.0,65200.0,9700.0,251000.0
CUST_151,56-65,Salaried,36100.0,22900.0,8600.0,6900.0,136000.0
CUST_026,46-55,Salaried,30300.0,16900.0,19100.0,5200.0,162000.0
CUST_159,26-35,Self-employed,18000.0,7400.0,10800.0,1400.0,218000.0
CUST_019,26-35,Salaried,45100.0,47200.0,2000.0,16500.0,244000.0
CUST_238,18-25,Salaried,84600.0,38600.0,42000.0,7100.0,363000.0
CUST_140,56-65,Self-employed,18000.0,8200.0,10200.0,2900.0,55000.0
CUST_069,18-25,Salaried,43300.0,15800.0,27600.0,4800.0,260000.0
CUST_098,26-35,Salaried,59500.0,20500.0,45400.0,4300.0,137000.0
CUST_168,18-25,Salaried,60600.0,34000.0,24700.0,5700.0,46000.0
CUST_091,18-25,Salaried,67700.0,40600.0,27200.0,9700.0,111000.0
CUST_206,18-25,Salaried,44500.0,32300.0,12200.0,500.0,33000.0
CUST_061,26-35,Salaried,63100.0,37100.0,26000.0,7300.0,73000.0
CUST_248,56-65,Salaried,45600.0,37500.0,6600.0,13200.0,106000.0
CUST_017,26-35,Self-employed,55100.0,31900.0,21600.0,11800.0,214000.0
CUST_056,56-65,Self-employed,54300.0,46800.0,,17200.0,117000.0
CUST_126,26-35,Salaried,53900.0,35200.0,18900.0,8100.0,351000.0
CUST_074,46-55,Salaried,28600.0,27100.0,5900.0,8600.0,75000.0
CUST_227,56-65,Salaried,61200.0,56100.0,5400.0,19000.0,368000.0
CUST_080,18-25,Salaried,50100.0,44900.0,8300.0,13900.0,166000.0
CUST_183,56-65,Salaried,18000.0,9800.0,6700.0,900.0,149000.0
CUST_039,36-45,Salaried,69200.0,31500.0,35800.0,4600.0,770000.0
CUST_067,18-25,Salaried,33300.0,12500.0,21100.0,3400.0,319000.0
CUST_141,56-65,Self-employed,19200.0,30624.79776322836,-3940.0,4300.0,104000.0
CUST_068,46-55,Salaried,-12000.0,31100.0,36400.0,15900.0,489000.0
CUST_230,36-45,Salaried,57800.0,33500.0,23900.0,19100.0,40000.0
CUST_247,26-35,Salaried,,33500.0,23400.0,6200.0,59000.0
CUST_116,46-55,Salaried,97000.0,42400.0,56700.0,8300.0,331000.0
CUST_110,18-25,Salaried,66900.0,32700.0,31100.0,14700.0,223000.0
CUST_112,18-25,Salaried,50800.0,27600.0,21300.0,10200.0,283000.0
CUST_166,46-55,Salaried,51600.0,29100.0,25000.0,6700.0,170000.0
CUST_187,46-55,Salaried,62200.0,61700.0,300.0,17200.0,147000.0
CUST_121,46-55,Salaried,42000.0,32500.0,13700.0,10400.0,159000.0
CUST_137,36-45,Salaried,40400.0,29100.0,8600.0,6600.0,103000.0
CUST_169,18-25,Self-employed,62400.0,32400.0,31300.0,7400.0,36000.0
CUST_127,46-55,Self-employed,49700.0,58400.0,-8000.0,-500.0,193000.0
CUST_083,26-35,,43300.0,24200.0,17000.0,3200.0,341000.0
CUST_142,26-35,Salaried,56100.0,33000.0,24100.0,13300.0,174000.0
CUST_070,56-65,Salaried,37600.0,30900.0,6800.0,2300.0,145000.0
CUST_003,36-45,Self-employed,75900.0,33500.0,43900.0,0.0,1152000.0
CUST_207,18-25,Salaried,65500.0,31400.0,35200.0,9200.0,110000.0
CUST_085,26-35,Salaried,-5000.0,33200.0,12700.0,12300.0,286000.0
CUST_128,46-55,Salaried,35000.0,18700.0,14000.0,1200.0,43000.0
CUST_184,46-55,Salaried,47300.0,38600.0,8200.0,7600.0,74000.0
CUST_087,36-45,Freelancer,21700.0,11700.0,11600.0,2800.0,350000.0
CUST_128,46-55,Salaried,35000.0,18700.0,14000.0,1200.0,43000.0
CUST_173,36-45,Salaried,,54200.0,12200.0,21600.0,43000.0
CUST_030,18-25,Self-employed,38500.0,25500.0,19100.0,8700.0,176000.0
CUST_196,26-35,Self-employed,45900.0,20500.0,28400.0,7500.0,222000.0
CUST_176,18-25,Salaried,100700.0,45400.0,57300.0,8000.0,205000.0
CUST_195,26-35,Self-employed,62400.0,24000.0,42200.0,6500.0,340000.0
CUST_149,18-25,,40700.0,27200.0,11500.0,5500.0,194000.0
CUST_006,18-25,Salaried,65800.0,60100.0,9100.0,11000.0,642000.0
CUST_057,18-25,Salaried,18000.0,10300.0,6200.0,2800.0,394000.0
CUST_138,36-45,Salaried,67600.0,59900.0,6900.0,9200.0,214000.0
CUST_160,36-45,Salaried,37500.0,69608.60816194172,-7585.0,9700.0,91000.0
CUST_147,36-45,Self-employed,53500.0,37800.0,17500.0,10700.0,46000.0
CUST_066,36-45,Self-employed,76000.0,61100.0,13800.0,25700.0,280000.0
CUST_144,26-35,Self-employed,,21700.0,12600.0,3000.0,97000.0
CUST_086,26-35,Salaried,18000.0,5000.0,13800.0,900.0,143000.0
CUST_225,26-35,Salaried,69400.0,44600.0,24800.0,9800.0,160000.0
CUST_216,26-35,Salaried,34700.0,8300.0,21900.0,3200.0,890000.0
CUST_032,18-25,Salaried,57500.0,50100.0,8800.0,13900.0,114000.0
CUST_013,46-55,Salaried,52500.0,34800.0,21700.0,12900.0,524000.0
CUST_036,46-55,Salaried,93600.0,23400.0,70900.0,8400.0,129000.0
CUST_029,36-45,Self-employed,62300.0,31200.0,33700.0,5800.0,578000.0
CUST_043,18-25,Self-employed,78300.0,65700.0,10100.0,15000.0,442000.0
CUST_125,26-35,Salaried,61000.0,36800.0,25600.0,5000.0,788000.0
CUST_109,26-35,Self-employed,88500.0,58700.0,28200.0,23700.0,78000.0
CUST_118,18-25,Self-employed,67400.0,50900.0,17400.0,12700.0,35000.0
CUST_023,26-35,Self-employed,57600.0,39800.0,20300.0,8700.0,73000.0
CUST_133,18-25,Salaried,57200.0,28600.0,26800.0,4200.0,201000.0
CUST_094,36-45,Salaried,79600.0,42100.0,43000.0,8700.0,941000.0
CUST_179,56-65,Salaried,81400.0,62600.0,18800.0,20300.0,141000.0
CUST_119,46-55,Salaried,40700.0,21500.0,22300.0,5000.0,285000.0
CUST_052,46-55,Salaried,24600.0,16300.0,7700.0,6700.0,216000.0
CUST_113,56-65,Salaried,35700.0,16600.0,19700.0,5800.0,213000.0
CUST_165,18-25,Salaried,56900.0,41600.0,13600.0,10000.0,996000.0
CUST_096,26-35,Salaried,34000.0,17200.0,13400.0,3700.0,131000.0
CUST_245,18-25,Salaried,18000.0,19600.0,100.0,5900.0,429000.0
CUST_210,18-25,Salaried,,30300.0,9800.0,4500.0,71000.0
CUST_077,46-55,Salaried,39600.0,21800.0,16000.0,5000.0,25000.0
CUST_042,26-35,Salaried,70100.0,64400.0,5500.0,9000.0,708000.0
CUST_199,46-55,Salaried,59000.0,37600.0,61728.65084997446,11000.0,104000.0
CUST_232,36-45,Self-employed,71000.0,47600.0,21100.0,8300.0,496000.0
CUST_079,26-35,Salaried,52500.0,31900.0,19900.0,6100.0,111000.0
CUST_156,26-35,Self-employed,30100.0,18100.0,18200.0,7700.0,200000.0
CUST_027,18-25,Self-employed,,13900.0,3800.0,4100.0,27000.0
CUST_236,36-45,Self-employed,65400.0,36300.0,33400.0,3900.0,148000.0
CUST_177,36-45,Salaried,74200.0,67200.0,10500.0,500.0,768000.0
CUST_001,26-35,Salaried,0.0,49000.0,16500.0,18600.0,76000.0
CUST_025,26-35,Salaried,70700.0,36300.0,28200.0,13900.0,589000.0
CUST_101,18-25,Salaried,40800.0,32200.0,12800.0,3500.0,70000.0
CUST_021,36-45,Self-employed,31500.0,14800.0,15000.0,1600.0,209000.0
CUST_185,26-35,Salaried,55400.0,29600.0,25900.0,9800.0,0.0
CUST_099,18-25,Salaried,38400.0,30100.0,6300.0,8200.0,370000.0
CUST_037,26-35,Salaried,49500.0,28400.0,,6100.0,127000.0
CUST_062,26-35,Salaried,34300.0,12000.0,23700.0,3700.0,98000.0
CUST_235,18-25,Salaried,37600.0,26100.0,11100.0,6800.0,67000.0
CUST_148,36-45,Salaried,28400.0,22600.0,8200.0,5300.0,357000.0
CUST_012,56-65,Self-employed,84800.0,52400.0,28800.0,8000.0,437000.0
CUST_203,18-25,Salaried,73300.0,56100.0,16200.0,9400.0,175000.0
CUST_209,18-25,Salaried,77800.0,52900.0,27300.0,700.0,208000.0
CUST_028,36-45,Salaried,83100.0,49800.0,29200.0,23200.0,104000.0
CUST_163,36-45,Self-employed,63200.0,44600.0,19300.0,14600.0,474000.0
CUST_005,18-25,Salaried,35200.0,22800.0,11700.0,6700.0,184000.0
CUST_123,26-35,Salaried,56100.0,30800.0,23500.0,8000.0,768000.0
CUST_033,18-25,Salaried,80900.0,14600.0,67800.0,5900.0,384000.0
CUST_153,18-25,Salaried,77100.0,47700.0,26600.0,6300.0,240000.0
CUST_193,56-65,Salaried,22500.0,17700.0,1800.0,3100.0,165000.0
CUST_139,26-35,Self-employed,38200.0,33500.0,7700.0,7100.0,92000.0
CUST_063,46-55,Salaried,43700.0,33400.0,10900.0,12500.0,286000.0
CUST_136,26-35,Self-employed,,,,10300.0,828000.0
CUST_129,18-25,Self-employed,42300.0,40100.0,2600.0,9700.0,144000.0
CUST_240,18-25,Self-employed,43800.0,35700.0,7600.0,12800.0,632000.0
CUST_200,46-55,Salaried,60500.0,41300.0,18400.0,13200.0,249000.0
CUST_071,46-55, salaried,52600.0,,27800.0,7500.0,330000.0
CUST_250,46-55,Self-employed,18600.0,,-1100.0,4300.0,232000.0
CUST_065,26-35,Self-employed,53600.0,27900.0,26000.0,7800.0,247000.0
CUST_045,26-35,Salaried,29000.0,19400.0,10000.0,5400.0,259000.0
CUST_171,36-45,Self-employed,44300.0,29000.0,15400.0,9900.0,229000.0
CUST_157,36-45,Salaried,66700.0,48000.0,18700.0,20000.0,156000.0
CUST_041,18-25,Salaried,33800.0,13000.0,16600.0,5900.0,-50000.0
CUST_124,18-25,Self-employed,36700.0,25000.0,11600.0,9900.0,588000.0
CUST_154,26-35,Self-employed,42300.0,18600.0,18300.0,500.0,601000.0
CUST_024,26-35,Self-employed,66300.0,47100.0,18400.0,10600.0,502000.0
CUST_198,46-55,Self-employed,105000.0,59500.0,49200.0,15200.0,233000.0
CUST_194,36-45,Salaried,80200.0,49100.0,32600.0,8300.0,183000.0
CUST_082,36-45,Self-employed,71700.0,52500.0,19900.0,15200.0,214000.0
CUST_040,26-35,Salaried,85100.0,179023.26989613677,-11959.0,2000.0,135000.0
CUST_223,18-25,Salaried,18000.0,,6900.0,2100.0,233000.0
CUST_048,36-45,Salaried,70800.0,41700.0,25200.0,8000.0,241000.0
CUST_095,46-55,Salaried,52200.0,36800.0,-1500.0,11900.0,147000.0
CUST_201,36-45,Self-employed,44900.0,42600.0,800.0,11400.0,-100000.0
CUST_162,36-45,Self-employed,50500.0,31300.0,18500.0,8800.0,88000.0
CUST_044,26 - 35,Salaried,18000.0,14600.0,17017.92028590466,3200.0,122000.0
CUST_146,18-25,SELF-EMPLOYED ,18400.0,5000.0,13000.0,500.0,167000.0
CUST_181,26-35,Salaried,18000.0,7400.0,7900.0,1900.0,26000.0
CUST_004,36-45,Salaried,42300.0,21300.0,22800.0,3700.0,69000.0
CUST_106,26-35,Salaried,87600.0,29200.0,57900.0,14800.0,155000.0
CUST_054,46-55,Salaried,53800.0,35200.0,16200.0,11400.0,143000.0
CUST_134,26-35,Self-employed,71500.0,66500.0,8100.0,29000.0,296000.0
CUST_241,56-65,Salaried,33200.0,18900.0,12600.0,3900.0,109000.0
CUST_231,46-55,Salaried,57400.0,46600.0,10700.0,13000.0,456000.0
CUST_246,56-65,Business,88700.0,48900.0,38600.0,8100.0,770000.0
CUST_050,18-25,Salaried,56600.0,39800.0,19200.0,11100.0,524000.0
CUST_164,36-45,Salaried,41700.0,30900.0,11600.0,11500.0,183000.0
CUST_081,46-55,Salaried,68500.0,41400.0,25400.0,17300.0,243000.0
CUST_035,56-65,Salaried,100300.0,85900.0,16300.0,26100.0,145000.0
CUST_217,26-35,Salaried,74100.0,45700.0,29800.0,8500.0,61000.0
CUST_008,46-55,Self-employed,95300.0,40300.0,55300.0,10600.0,270000.0
CUST_172,18-25,Self-employed,45500.0,28800.0,16700.0,4900.0,285000.0
CUST_222,36-45,Self-employed,27600.0,15500.0,13100.0,6400.0,144000.0
CUST_111,26-35,Salaried,32200.0,27200.0,5100.0,12400.0,433000.0
CUST_092,36-45,Salaried,61800.0,33300.0,28100.0,9700.0,372000.0
CUST_084,18-25,Salaried,42300.0,20800.0,26900.0,6100.0,122000.0
CUST_239,36-45,Self-employed,90100.0,61100.0,32700.0,26700.0,585000.0
CUST_242,56-65,Salaried,52200.0,7682.481951846253,44928.24534363083,11900.0,149000.0
CUST_090,26-35,Salaried,49500.0,22600.0,26600.0,7100.0,478000.0
CUST_009,36-45,Salaried,80900.0,51800.0,28700.0,11100.0,69000.0
CUST_014,26-35,Salaried,82200.0,57300.0,22800.0,10600.0,1500000.0
CUST_060,26-35,Salaried,69700.0,36000.0,34800.0,6700.0,1031000.0
CUST_228,26-35,Salaried,30200.0,29100.0,-1300.0,7000.0,37000.0
CUST_132,26-35,,33500.0,28600.0,2600.0,9000.0,154000.0
CUST_018,36-45,Self-employed,56000.0,0.0,,9400.0,131000.0
CUST_167,26-35,Salaried,80700.0,53000.0,27300.0,8600.0,95000.0
CUST_073,18-25,Self-employed,42800.0,14300.0,25000.0,5400.0,160000.0
CUST_233,36-45,Salaried,65600.0,48300.0,16200.0,10000.0,67000.0
CUST_135,56-65,Self-employed,18300.0,15200.0,18972.94935081727,5700.0,187000.0
CUST_188,36-45,Self-employed,50200.0,23700.0,,2700.0,100000.0
CUST_244,26-35,Salaried,79100.0,65200.0,18500.0,21900.0,87000.0
CUST_064,26-35,Self-employed,31700.0,19600.0,15500.0,4900.0,212000.0
CUST_055,36-45,Self-employed,63400.0,31200.0,32500.0,9900.0,305000.0
CUST_108,46_55,Salaried,36100.0,20100.0,13500.0,5400.0,512000.0
CUST_051,56-65,Salaried,90800.0,-8000.0,39100.0,11100.0,118000.0
CUST_218,36-45,Self-employed,84800.0,68200.0,18500.0,11600.0,412000.0
CUST_175,36–45,Salaried,61400.0,38900.0,22400.0,9600.0,117000.0
CUST_226,26-35,Self-employed,53800.0,21100.0,34100.0,2000.0,373000.0
CUST_190,26-35,Salaried,18000.0,13600.0,-500.0,3400.0,268000.0
CUST_015,18-25,Self-employed,19900.0,19500.0,-2100.0,2800.0,303000.0
CUST_208,36-45,Salaried,62300.0,42600.0,22700.0,14500.0,196000.0
CUST_234,26-35,Salaried,59900.0,60100.0,-2400.0,21900.0,124000.0
CUST_220,46-55,Self-employed,96300.0,47300.0,42500.0,7300.0,98000.0
CUST_170,36-45,Self-employed,45900.0,23800.0,19900.0,6800.0,43000.0
CUST_059,18-25,Self-employed,26300.0,25300.0,-3000.0,7300.0,202000.0
CUST_219,36-45,Salaried,64100.0,111195.01527164094,-3181.0,11700.0,443000.0
CUST_049,36-45,Salaried,88100.0,17079.63700511461,72239.43424926665,9100.0,62000.0
CUST_089,46-55,Salaried,91200.0,57500.0,33200.0,9900.0,78000.0
CUST_022,18-25,Self-employed,51900.0,34600.0,22900.0,13800.0,589000.0
CUST_058,18-25,Salaried,53000.0,37700.0,16100.0,4500.0,54000.0
CUST_204,46-55,self employed,36200.0,20500.0,-25000.0,5300.0,149000.0
CUST_161,26-35,Salaried,67700.0,43800.0,26200.0,6600.0,135000.0
CUST_032,18-25,Salaried,57500.0,50100.0,8800.0,13900.0,114000.0
CUST_188,36-45,Self-employed,50200.0,23700.0,,2700.0,100000.0
CUST_192,46-55,Self-employed,72000.0,37100.0,34500.0,13600.0,641000.0
CUST_130,36-45,Salaried,71600.0,37000.0,31100.0,8800.0,84000.0
CUST_038,18-25,Salaried,76400.0,40400.0,35800.0,6700.0,78000.0
CUST_158,46-55,Salaried,86700.0,35900.0,52900.0,7300.0,329000.0
CUST_236,36-45,Self-employed,65400.0,36300.0,33400.0,3900.0,148000.0
CUST_249,56-65,Self-employed,32700.0,23000.0,11600.0,5000.0,176000.0
CUST_002,56-65,Salaried,96300.0,59600.0,33600.0,24200.0,264000.0
CUST_053,56-65,Salaried,18000.0,14100.0,16748.005445449606,4200.0,232000.0
CUST_150,26-35,Self-employed,56000.0,49900.0,57928.54959417438,4500.0,48000.0
CUST_131,26-35,Salaried,66000.0,38300.0,27400.0,15400.0,1270000.0
CUST_152,26-35,Self-employed,46500.0,27100.0,20700.0,5300.0,91000.0
CUST_104,36-45,Salaried,74400.0,58300.0,20200.0,21900.0,839000.0
CUST_100,18-25,Salaried,23700.0,12400.0,15400.0,4300.0,42000.0
CUST_117,46-55,Self-employed,24200.0,11400.0,7800.0,1900.0,100000.0
CUST_088,36-45,Self-employed,85100.0,60600.0,25500.0,15200.0,313000.0
CUST_203,18-25,Salaried,73300.0,56100.0,16200.0,9400.0,175000.0
CUST_075,36-45,Self-employed,98200.0,66400.0,28700.0,15700.0,488000.0
CUST_215,36-45,Self-employed,71700.0,40800.0,28000.0,9500.0,101000.0
CUST_211,36-45,Salaried,49100.0,8195.865436931095,50892.041229651855,10300.0,562000.0
CUST_122,46-55,Salaried,36000.0,25600.0,11400.0,8800.0,424000.0
CUST_202,18-25,Salaried,36300.0,17500.0,18000.0,3700.0,198000.0
CUST_021,36-45,Self-employed,31500.0,14800.0,15000.0,1600.0,209000.0
CUST_189,36-45,Self-employed,73200.0,43700.0,29700.0,13000.0,210000.0
CUST_072,18-25,Self-employed,32200.0,30600.0,-100.0,8800.0,995000.0
CUST_107,26-35,Salaried,56700.0,6062.100728963902,57188.334741723236,5500.0,192000.0
CUST_103,26-35,Self-employed,92100.0,80900.0,12600.0,7900.0,423000.0
